Royal19AXVIII.binding.frontcover.tif,4991,6126,binding front cover
Royal19AXVIII.frontmatter.pastedown.tif,5113,6250,front matter pastedown
Royal19AXVIII.frontmatter.flyleaf.01r.tif,4963,6137,front matter 1r
Royal19AXVIII.frontmatter.flyleaf.01v.tif,5045,6250,front matter 1v
Royal19AXVIII.frontmatter.flyleaf.02r.tif,4963,6137,front matter 2r
Royal19AXVIII.frontmatter.flyleaf.02v.tif,5045,6250,front matter 2v
Royal19AXVIII.frontmatter.flyleaf.03r.tif,4963,6137,front matter 3r
Royal19AXVIII.frontmatter.flyleaf.03v.tif,4924,6317,front matter 3v
Royal19AXVIII.frontmatter.flyleaf.04r.tif,4963,6137,front matter 4r
Royal19AXVIII.frontmatter.flyleaf.04v.tif,4939,6335,front matter 4v
Royal19AXVIII.frontmatter.flyleaf.05r.tif,4632,6137,front matter 5r
Royal19AXVIII.frontmatter.flyleaf.05v.tif,4914,6276,front matter 5v
Royal19AXVIII.001r.tif,4964,6394,1r
Royal19AXVIII.001v.tif,4940,6308,1v
Royal19AXVIII.002r.tif,4964,6394,2r
Royal19AXVIII.002v.tif,4940,6308,2v
Royal19AXVIII.003r.tif,4913,6328,3r
Royal19AXVIII.003v.tif,4940,6308,3v
Royal19AXVIII.004r.tif,4941,6443,4r
Royal19AXVIII.004v.tif,4940,6308,4v
Royal19AXVIII.005r.tif,4932,6397,5r
Royal19AXVIII.005v.tif,4940,6308,5v
Royal19AXVIII.006r.tif,4891,6338,6r
Royal19AXVIII.006v.tif,4940,6308,6v
Royal19AXVIII.007r.tif,4916,6371,7r
Royal19AXVIII.007v.tif,4940,6308,7v
Royal19AXVIII.008r.tif,4916,6371,8r
Royal19AXVIII.008v.tif,4975,6251,8v
Royal19AXVIII.009r.tif,4916,6371,9r
Royal19AXVIII.009v.tif,4940,6308,9v
Royal19AXVIII.010r.tif,4916,6371,10r
Royal19AXVIII.010v.tif,4940,6308,10v
Royal19AXVIII.011r.tif,4916,6371,11r
Royal19AXVIII.011v.tif,4940,6308,11v
Royal19AXVIII.012r.tif,4916,6371,12r
Royal19AXVIII.012v.tif,4940,6308,12v
Royal19AXVIII.013r.tif,4916,6371,13r
Royal19AXVIII.013v.tif,4963,6249,13v
Royal19AXVIII.014r.tif,4916,6371,14r
Royal19AXVIII.014v.tif,4951,6250,14v
Royal19AXVIII.015r.tif,4916,6371,15r
Royal19AXVIII.015v.tif,4951,6250,15v
Royal19AXVIII.016r.tif,4916,6371,16r
Royal19AXVIII.016v.tif,4968,6277,16v
Royal19AXVIII.017r.tif,4916,6371,17r
Royal19AXVIII.017v.tif,5001,6277,17v
Royal19AXVIII.018r.tif,4916,6371,18r
Royal19AXVIII.018v.tif,4968,6277,18v
Royal19AXVIII.019r.tif,4916,6371,19r
Royal19AXVIII.019v.tif,4989,6304,19v
Royal19AXVIII.020r.tif,4916,6371,20r
Royal19AXVIII.020v.tif,5014,6267,20v
Royal19AXVIII.021r.tif,4916,6371,21r
Royal19AXVIII.021v.tif,5014,6267,21v
Royal19AXVIII.022r.tif,4916,6371,22r
Royal19AXVIII.022v.tif,5014,6267,22v
Royal19AXVIII.023r.tif,4916,6371,23r
Royal19AXVIII.023v.tif,5014,6267,23v
Royal19AXVIII.024r.tif,4916,6327,24r
Royal19AXVIII.024v.tif,5014,6267,24v
Royal19AXVIII.025r.tif,4916,6348,25r
Royal19AXVIII.025v.tif,5022,6332,25v
Royal19AXVIII.026r.tif,4916,6348,26r
Royal19AXVIII.026v.tif,5022,6292,26v
Royal19AXVIII.027r.tif,4916,6348,27r
Royal19AXVIII.027v.tif,5022,6292,27v
Royal19AXVIII.028r.tif,4916,6348,28r
Royal19AXVIII.028v.tif,5022,6292,28v
Royal19AXVIII.029r.tif,4916,6348,29r
Royal19AXVIII.029v.tif,5022,6292,29v
Royal19AXVIII.030r.tif,4916,6348,30r
Royal19AXVIII.030v.tif,5022,6248,30v
Royal19AXVIII.031r.tif,4907,6305,31r
Royal19AXVIII.031v.tif,5022,6248,31v
Royal19AXVIII.032r.tif,4907,6305,32r
Royal19AXVIII.032v.tif,5045,6310,32v
Royal19AXVIII.033r.tif,4907,6281,33r
Royal19AXVIII.033v.tif,5022,6215,33v
Royal19AXVIII.034r.tif,4907,6281,34r
Royal19AXVIII.034v.tif,5022,6215,34v
Royal19AXVIII.035r.tif,4907,6281,35r
Royal19AXVIII.035v.tif,5022,6215,35v
Royal19AXVIII.036r.tif,4907,6281,36r
Royal19AXVIII.036v.tif,5045,6243,36v
Royal19AXVIII.037r.tif,4907,6281,37r
Royal19AXVIII.037v.tif,5045,6243,37v
Royal19AXVIII.038r.tif,4895,6330,38r
Royal19AXVIII.038v.tif,5045,6243,38v
Royal19AXVIII.039r.tif,4895,6330,39r
Royal19AXVIII.039v.tif,5045,6280,39v
Royal19AXVIII.040r.tif,4895,6330,40r
Royal19AXVIII.040v.tif,5045,6310,40v
Royal19AXVIII.041r.tif,4895,6301,41r
Royal19AXVIII.041v.tif,5045,6310,41v
Royal19AXVIII.042r.tif,4943,6301,42r
Royal19AXVIII.042v.tif,5045,6310,42v
Royal19AXVIII.043r.tif,4943,6301,43r
Royal19AXVIII.043v.tif,5045,6310,43v
Royal19AXVIII.044r.tif,4943,6301,44r
Royal19AXVIII.044v.tif,5045,6310,44v
Royal19AXVIII.045r.tif,4943,6301,45r
Royal19AXVIII.045v.tif,5045,6310,45v
Royal19AXVIII.046r.tif,4943,6301,46r
Royal19AXVIII.046v.tif,5045,6310,46v
Royal19AXVIII.047r.tif,4911,6261,47r
Royal19AXVIII.047v.tif,5045,6353,47v
Royal19AXVIII.048r.tif,4916,6348,48r
Royal19AXVIII.048v.tif,5045,6287,48v
Royal19AXVIII.049r.tif,4916,6312,49r
Royal19AXVIII.049v.tif,5039,6313,49v
Royal19AXVIII.050r.tif,4916,6348,50r
Royal19AXVIII.050v.tif,5039,6313,50v
Royal19AXVIII.051r.tif,5049,6348,51r
Royal19AXVIII.051v.tif,5039,6346,51v
Royal19AXVIII.052r.tif,5007,6285,52r
Royal19AXVIII.052v.tif,5060,6353,52v
Royal19AXVIII.053r.tif,5007,6285,53r
Royal19AXVIII.053v.tif,5045,6353,53v
Royal19AXVIII.054r.tif,5007,6250,54r
Royal19AXVIII.054v.tif,5045,6353,54v
Royal19AXVIII.055r.tif,5026,6294,55r
Royal19AXVIII.055v.tif,5045,6353,55v
Royal19AXVIII.056r.tif,5026,6294,56r
Royal19AXVIII.056v.tif,5045,6353,56v
Royal19AXVIII.057r.tif,5007,6285,57r
Royal19AXVIII.057v.tif,5045,6353,57v
Royal19AXVIII.058r.tif,5026,6294,58r
Royal19AXVIII.058v.tif,5045,6353,58v
Royal19AXVIII.059r.tif,5026,6294,59r
Royal19AXVIII.059v.tif,5045,6353,59v
Royal19AXVIII.060r.tif,5054,6356,60r
Royal19AXVIII.060v.tif,4984,6386,60v
Royal19AXVIII.061r.tif,5054,6356,61r
Royal19AXVIII.061v.tif,4984,6386,61v
Royal19AXVIII.062r.tif,5054,6356,62r
Royal19AXVIII.062v.tif,4956,6265,62v
Royal19AXVIII.063r.tif,5054,6356,63r
Royal19AXVIII.063v.tif,5003,6324,63v
Royal19AXVIII.064r.tif,5054,6356,64r
Royal19AXVIII.064v.tif,5003,6324,64v
Royal19AXVIII.065r.tif,5054,6356,65r
Royal19AXVIII.065v.tif,5003,6324,65v
Royal19AXVIII.066r.tif,5054,6356,66r
Royal19AXVIII.066v.tif,4994,6313,66v
Royal19AXVIII.067r.tif,5054,6356,67r
Royal19AXVIII.067v.tif,5003,6324,67v
Royal19AXVIII.068r.tif,5054,6356,68r
Royal19AXVIII.068v.tif,5003,6324,68v
Royal19AXVIII.069r.tif,5034,6356,69r
Royal19AXVIII.069v.tif,5003,6374,69v
Royal19AXVIII.070r.tif,5034,6356,70r
Royal19AXVIII.070v.tif,5003,6374,70v
Royal19AXVIII.071r.tif,5049,6381,71r
Royal19AXVIII.071v.tif,4990,6299,71v
Royal19AXVIII.072r.tif,5049,6381,72r
Royal19AXVIII.072v.tif,4970,6339,72v
Royal19AXVIII.073r.tif,5054,6356,73r
Royal19AXVIII.073v.tif,4980,6352,73v
Royal19AXVIII.074r.tif,5026,6352,74r
Royal19AXVIII.074v.tif,4980,6352,74v
Royal19AXVIII.075r.tif,5049,6381,75r
Royal19AXVIII.075v.tif,4905,6334,75v
Royal19AXVIII.076r.tif,5049,6381,76r
Royal19AXVIII.076v.tif,4905,6334,76v
Royal19AXVIII.077r.tif,5049,6381,77r
Royal19AXVIII.077v.tif,4902,6410,77v
Royal19AXVIII.078r.tif,5049,6381,78r
Royal19AXVIII.078v.tif,4852,6410,78v
Royal19AXVIII.079r.tif,5049,6381,79r
Royal19AXVIII.079v.tif,4852,6410,79v
Royal19AXVIII.080r.tif,5049,6381,80r
Royal19AXVIII.080v.tif,4852,6410,80v
Royal19AXVIII.081r.tif,5049,6381,81r
Royal19AXVIII.081v.tif,4802,6410,81v
Royal19AXVIII.082r.tif,5049,6381,82r
Royal19AXVIII.082v.tif,4802,6410,82v
Royal19AXVIII.083r.tif,5049,6381,83r
Royal19AXVIII.083v.tif,4802,6410,83v
Royal19AXVIII.084r.tif,5049,6423,84r
Royal19AXVIII.084v.tif,4802,6410,84v
Royal19AXVIII.085r.tif,5049,6445,85r
Royal19AXVIII.085v.tif,4802,6410,85v
Royal19AXVIII.086r.tif,5049,6381,86r
Royal19AXVIII.086v.tif,4802,6410,86v
Royal19AXVIII.087r.tif,5002,6377,87r
Royal19AXVIII.087v.tif,4842,6389,87v
Royal19AXVIII.088r.tif,4980,6348,88r
Royal19AXVIII.088v.tif,4842,6389,88v
Royal19AXVIII.089r.tif,4979,6348,89r
Royal19AXVIII.089v.tif,4842,6389,89v
Royal19AXVIII.090r.tif,4978,6397,90r
Royal19AXVIII.090v.tif,4842,6389,90v
Royal19AXVIII.091r.tif,4978,6397,91r
Royal19AXVIII.091v.tif,4842,6389,91v
Royal19AXVIII.092r.tif,4978,6397,92r
Royal19AXVIII.092v.tif,4883,6427,92v
Royal19AXVIII.093r.tif,4978,6397,93r
Royal19AXVIII.093v.tif,4883,6427,93v
Royal19AXVIII.094r.tif,4978,6397,94r
Royal19AXVIII.094v.tif,4883,6427,94v
Royal19AXVIII.endmatter.flyleaf.01r.tif,4978,6397,end matter 1r
Royal19AXVIII.endmatter.flyleaf.01v.tif,4645,6222,end matter 1v
Royal19AXVIII.endmatter.flyleaf.02r.tif,4978,6397,end matter 2r
Royal19AXVIII.endmatter.flyleaf.02v.tif,5001,6137,end matter 2v
Royal19AXVIII.endmatter.flyleaf.03r.tif,4978,6397,end matter 3r
Royal19AXVIII.endmatter.flyleaf.03v.tif,5001,6137,end matter 3v
Royal19AXVIII.endmatter.flyleaf.04r.tif,4978,6397,end matter 4r
Royal19AXVIII.endmatter.flyleaf.04v.tif,5001,6137,end matter 4v
Royal19AXVIII.endmatter.pastedown.tif,5015,6334,end matter pastedown
Royal19AXVIII.binding.backcover.tif,5000,6054,binding back cover
Royal19AXVIII.binding.misc.spine.tif,1198,6516,binding misc
