Senshu3.binding.frontcover.tif,3286,4284
Senshu3.frontmatter.pastedown.tif,2789,4045
Senshu3.frontmatter.flyleaf.01r.tif,2618,3860
Senshu3.frontmatter.flyleaf.01v.tif,2706,3965
Senshu3.frontmatter.flyleaf.02r.tif,2611,3839
Senshu3.frontmatter.flyleaf.02v.tif,2706,3933
Senshu3.001r.tif,2646,3833
Senshu3.001v.tif,2657,3975
Senshu3.002r.tif,2557,3849
Senshu3.002v.tif,2678,3978
Senshu3.003r.tif,2550,3819
Senshu3.003v.tif,2619,3951
Senshu3.004r.tif,2591,3805
Senshu3.004v.tif,2685,3989
Senshu3.005r.tif,2591,3829
Senshu3.005v.tif,2649,3954
Senshu3.006r.tif,2529,3809
Senshu3.006v.tif,2626,3972
Senshu3.007r.tif,2532,3812
Senshu3.007v.tif,2636,3971
Senshu3.008r.tif,2539,3826
Senshu3.008v.tif,2626,3958
Senshu3.009r.tif,2567,3823
Senshu3.009v.tif,2612,3961
Senshu3.010r.tif,2559,3820
Senshu3.010v.tif,2588,3950
Senshu3.011r.tif,2525,3805
Senshu3.011v.tif,2601,3948
Senshu3.012r.tif,2553,3791
Senshu3.012v.tif,2619,3975
Senshu3.013r.tif,2564,3812
Senshu3.013v.tif,2605,3961
Senshu3.014r.tif,2546,3771
Senshu3.014v.tif,2591,3957
Senshu3.015r.tif,2560,3805
Senshu3.015v.tif,2525,3795
Senshu3.016r.tif,2522,3795
Senshu3.016v.tif,2522,3791
Senshu3.017r.tif,2525,3816
Senshu3.017v.tif,2543,3795
Senshu3.018r.tif,2501,3788
Senshu3.018v.tif,2529,3781
Senshu3.019r.tif,2529,3788
Senshu3.019v.tif,2525,3798
Senshu3.020r.tif,2525,3792
Senshu3.020v.tif,2535,3795
Senshu3.021r.tif,2508,3764
Senshu3.021v.tif,2504,3791
Senshu3.022r.tif,2525,3812
Senshu3.022v.tif,2511,3784
Senshu3.023r.tif,2515,3792
Senshu3.023v.tif,2522,3798
Senshu3.024r.tif,2508,3774
Senshu3.024v.tif,2518,3805
Senshu3.025r.tif,2481,3778
Senshu3.025v.tif,2518,3805
Senshu3.026r.tif,2491,3785
Senshu3.026v.tif,2525,3802
Senshu3.027r.tif,2495,3764
Senshu3.027v.tif,2500,3784
Senshu3.028r.tif,2539,3823
Senshu3.028v.tif,2491,3787
Senshu3.029r.tif,2560,3826
Senshu3.029v.tif,2497,3801
Senshu3.030r.tif,2567,3812
Senshu3.030v.tif,2508,3798
Senshu3.031r.tif,2553,3822
Senshu3.031v.tif,2507,3788
Senshu3.032r.tif,2550,3813
Senshu3.032v.tif,2504,3794
Senshu3.033r.tif,2539,3823
Senshu3.033v.tif,2511,3815
Senshu3.034r.tif,2504,3795
Senshu3.034v.tif,2487,3798
Senshu3.035r.tif,2487,3795
Senshu3.035v.tif,2515,3788
Senshu3.036r.tif,2528,3795
Senshu3.036v.tif,2525,3773
Senshu3.037r.tif,2515,3795
Senshu3.037v.tif,2517,3808
Senshu3.038r.tif,2546,3809
Senshu3.038v.tif,2501,3787
Senshu3.039r.tif,2553,3806
Senshu3.039v.tif,2522,3791
Senshu3.040r.tif,2546,3816
Senshu3.040v.tif,2515,3774
Senshu3.041r.tif,2539,3799
Senshu3.041v.tif,2501,3791
Senshu3.042r.tif,2532,3812
Senshu3.042v.tif,2525,3815
Senshu3.043r.tif,2529,3802
Senshu3.043v.tif,2493,3767
Senshu3.044r.tif,2524,3797
Senshu3.044v.tif,2483,3753
Senshu3.045r.tif,2511,3800
Senshu3.045v.tif,2497,3729
Senshu3.046r.tif,2520,3784
Senshu3.046v.tif,2483,3718
Senshu3.047r.tif,2511,3793
Senshu3.047v.tif,2497,3726
Senshu3.048r.tif,2514,3800
Senshu3.048v.tif,2469,3746
Senshu3.049r.tif,2541,3797
Senshu3.049v.tif,2483,3732
Senshu3.050r.tif,2527,3797
Senshu3.050v.tif,2490,3729
Senshu3.051r.tif,2517,3760
Senshu3.051v.tif,2500,3704
Senshu3.052r.tif,2521,3800
Senshu3.052v.tif,2500,3721
Senshu3.053r.tif,2517,3784
Senshu3.053v.tif,2483,3684
Senshu3.054r.tif,2521,3780
Senshu3.054v.tif,2469,3732
Senshu3.055r.tif,2497,3800
Senshu3.055v.tif,2490,3697
Senshu3.056r.tif,2511,3810
Senshu3.056v.tif,2528,3715
Senshu3.057r.tif,2524,3781
Senshu3.057v.tif,2480,3725
Senshu3.058r.tif,2518,3803
Senshu3.058v.tif,2501,3715
Senshu3.059r.tif,2528,3801
Senshu3.059v.tif,2473,3722
Senshu3.060r.tif,2531,3774
Senshu3.060v.tif,2514,3743
Senshu3.061r.tif,2510,3794
Senshu3.061v.tif,2501,3753
Senshu3.062r.tif,2517,3797
Senshu3.062v.tif,2518,3739
Senshu3.063r.tif,2524,3780
Senshu3.063v.tif,2511,3736
Senshu3.064r.tif,2514,3791
Senshu3.064v.tif,2528,3749
Senshu3.065r.tif,2511,3780
Senshu3.065v.tif,2483,3715
Senshu3.066r.tif,2500,3804
Senshu3.066v.tif,2487,3749
Senshu3.067r.tif,2514,3784
Senshu3.067v.tif,2494,3739
Senshu3.068r.tif,2507,3777
Senshu3.068v.tif,2483,3749
Senshu3.069r.tif,2530,3784
Senshu3.069v.tif,2497,3763
Senshu3.070r.tif,2518,3801
Senshu3.070v.tif,2497,3729
Senshu3.071r.tif,2491,3784
Senshu3.071v.tif,2504,3739
Senshu3.072r.tif,2491,3781
Senshu3.072v.tif,2511,3766
Senshu3.073r.tif,2524,3790
Senshu3.073v.tif,2535,3766
Senshu3.074r.tif,2534,3783
Senshu3.074v.tif,2518,3760
Senshu3.075r.tif,2507,3767
Senshu3.075v.tif,2504,3735
Senshu3.076r.tif,2554,3837
Senshu3.076v.tif,2511,3749
Senshu3.077r.tif,2574,3853
Senshu3.077v.tif,2511,3756
Senshu3.078r.tif,2570,3850
Senshu3.078v.tif,2504,3774
Senshu3.079r.tif,2561,3843
Senshu3.079v.tif,2518,3763
Senshu3.080r.tif,2580,3829
Senshu3.080v.tif,2514,3767
Senshu3.081r.tif,2577,3840
Senshu3.081v.tif,2511,3767
Senshu3.082r.tif,2573,3836
Senshu3.082v.tif,2518,3746
Senshu3.083r.tif,2563,3847
Senshu3.083v.tif,2515,3784
Senshu3.084r.tif,2560,3830
Senshu3.084v.tif,2524,3777
Senshu3.085r.tif,2563,3836
Senshu3.085v.tif,2521,3760
Senshu3.086r.tif,2576,3819
Senshu3.086v.tif,2531,3784
Senshu3.087r.tif,2577,3832
Senshu3.087v.tif,2528,3777
Senshu3.088r.tif,2581,3819
Senshu3.088v.tif,2536,3777
Senshu3.089r.tif,2570,3829
Senshu3.089v.tif,2532,3788
Senshu3.090r.tif,2563,3818
Senshu3.090v.tif,2514,3777
Senshu3.091r.tif,2566,3832
Senshu3.091v.tif,2515,3777
Senshu3.092r.tif,2559,3829
Senshu3.092v.tif,2518,3801
Senshu3.093r.tif,2556,3850
Senshu3.093v.tif,2525,3777
Senshu3.094r.tif,2563,3819
Senshu3.094v.tif,2535,3798
Senshu3.095r.tif,2574,3843
Senshu3.095v.tif,2521,3760
Senshu3.096r.tif,2577,3826
Senshu3.096v.tif,2538,3805
Senshu3.097r.tif,2556,3815
Senshu3.097v.tif,2524,3777
Senshu3.098r.tif,2549,3826
Senshu3.098v.tif,2531,3791
Senshu3.099r.tif,2556,3822
Senshu3.099v.tif,2508,3780
Senshu3.100r.tif,2563,3802
Senshu3.100v.tif,2521,3780
Senshu3.101r.tif,2549,3829
Senshu3.101v.tif,2525,3802
Senshu3.102r.tif,2556,3798
Senshu3.102v.tif,2531,3781
Senshu3.103r.tif,2532,3808
Senshu3.103v.tif,2532,3825
Senshu3.104r.tif,2542,3802
Senshu3.104v.tif,2529,3798
Senshu3.105r.tif,2545,3822
Senshu3.105v.tif,2528,3791
Senshu3.106r.tif,2542,3830
Senshu3.106v.tif,2539,3819
Senshu3.107r.tif,2563,3822
Senshu3.107v.tif,2542,3801
Senshu3.108r.tif,2573,3812
Senshu3.108v.tif,2556,3815
Senshu3.109r.tif,2556,3815
Senshu3.109v.tif,2556,3815
Senshu3.110r.tif,2546,3826
Senshu3.110v.tif,2535,3815
Senshu3.111r.tif,2563,3815
Senshu3.111v.tif,2563,3816
Senshu3.112r.tif,2563,3815
Senshu3.112v.tif,2542,3815
Senshu3.113r.tif,2570,3809
Senshu3.113v.tif,2556,3840
Senshu3.114r.tif,2556,3818
Senshu3.114v.tif,2535,3809
Senshu3.115r.tif,2556,3801
Senshu3.115v.tif,2556,3819
Senshu3.116r.tif,2567,3809
Senshu3.116v.tif,2556,3809
Senshu3.117r.tif,2556,3823
Senshu3.117v.tif,2577,3822
Senshu3.118r.tif,2546,3815
Senshu3.118v.tif,2493,3760
Senshu3.119r.tif,2563,3798
Senshu3.119v.tif,2480,3756
Senshu3.120r.tif,2569,3791
Senshu3.120v.tif,2487,3774
Senshu3.121r.tif,2559,3798
Senshu3.121v.tif,2480,3739
Senshu3.122r.tif,2553,3808
Senshu3.122v.tif,2490,3771
Senshu3.123r.tif,2553,3812
Senshu3.123v.tif,2504,3773
Senshu3.124r.tif,2561,3815
Senshu3.124v.tif,2483,3760
Senshu3.125r.tif,2562,3830
Senshu3.125v.tif,2508,3764
Senshu3.126r.tif,2551,3825
Senshu3.126v.tif,2497,3763
Senshu3.127r.tif,2553,3804
Senshu3.127v.tif,2511,3759
Senshu3.128r.tif,2560,3822
Senshu3.128v.tif,2501,3767
Senshu3.129r.tif,2562,3826
Senshu3.129v.tif,2531,3784
Senshu3.130r.tif,2562,3850
Senshu3.130v.tif,2487,3778
Senshu3.131r.tif,2571,3816
Senshu3.131v.tif,2494,3777
Senshu3.132r.tif,2555,3811
Senshu3.132v.tif,2490,3784
Senshu3.133r.tif,2565,3829
Senshu3.133v.tif,2490,3791
Senshu3.134r.tif,2490,3791
Senshu3.134v.tif,2490,3791
Senshu3.135r.tif,2542,3850
Senshu3.135v.tif,2543,3791
Senshu3.136r.tif,2542,3853
Senshu3.136v.tif,2543,3805
Senshu3.137r.tif,2573,3857
Senshu3.137v.tif,2525,3788
Senshu3.138r.tif,2581,3853
Senshu3.138v.tif,2536,3794
Senshu3.139r.tif,2570,3853
Senshu3.139v.tif,2539,3778
Senshu3.140r.tif,2573,3850
Senshu3.140v.tif,2549,3805
Senshu3.141r.tif,2584,3836
Senshu3.141v.tif,2528,3791
Senshu3.142r.tif,2584,3840
Senshu3.142v.tif,2535,3791
Senshu3.143r.tif,2584,3833
Senshu3.143v.tif,2539,3805
Senshu3.144r.tif,2570,3836
Senshu3.144v.tif,2546,3798
Senshu3.145r.tif,2577,3844
Senshu3.145v.tif,2543,3791
Senshu3.146r.tif,2584,3843
Senshu3.146v.tif,2566,3805
Senshu3.147r.tif,2598,3837
Senshu3.147v.tif,2563,3809
Senshu3.148r.tif,2618,3840
Senshu3.148v.tif,2542,3812
Senshu3.149r.tif,2626,3843
Senshu3.149v.tif,2566,3812
Senshu3.150r.tif,2595,3840
Senshu3.150v.tif,2570,3818
Senshu3.151r.tif,2612,3851
Senshu3.151v.tif,2570,3805
Senshu3.152r.tif,2601,3851
Senshu3.152v.tif,2567,3822
Senshu3.153r.tif,2601,3829
Senshu3.153v.tif,2591,3812
Senshu3.154r.tif,2608,3819
Senshu3.154v.tif,2608,3822
Senshu3.155r.tif,2605,3819
Senshu3.155v.tif,2574,3833
Senshu3.endmatter.flyleaf.01r.tif,2633,3854
Senshu3.endmatter.flyleaf.01v.tif,2598,3833
Senshu3.endmatter.flyleaf.02r.tif,2681,3854
Senshu3.endmatter.flyleaf.02v.tif,2598,3833
Senshu3.endmatter.pastedown.tif,2809,3940
Senshu3.binding.backcover.tif,2817,3971
Senshu3.binding.spine.tif,4306,595
