CodPoetPhil6.binding.frontcover.tif,3741,4546
CodPoetPhil6.frontmatter.pastedown.tif,3705,4546
CodPoetPhil6.frontmatter.flyleaf.01r.tif,3741,4546
CodPoetPhil6.frontmatter.flyleaf.01v.tif,3705,4547
CodPoetPhil6.frontmatter.flyleaf.02r.tif,3741,4547
CodPoetPhil6.frontmatter.flyleaf.02v.tif,3705,4547
CodPoetPhil6.frontmatter.flyleaf.03r.tif,3741,4546
CodPoetPhil6.frontmatter.flyleaf.03v.tif,3705,4547
CodPoetPhil6.frontmatter.flyleaf.04r.tif,3741,4546
CodPoetPhil6.frontmatter.flyleaf.04v.tif,3705,4547
CodPoetPhil6.frontmatter.flyleaf.05r.tif,3741,4546
CodPoetPhil6.frontmatter.flyleaf.05v.tif,3705,4547
CodPoetPhil6.frontmatter.flyleaf.06r.tif,3741,4546
CodPoetPhil6.frontmatter.flyleaf.06v.tif,3705,4547
CodPoetPhil6.001r.tif,3741,4546
CodPoetPhil6.001v.tif,3705,4547
CodPoetPhil6.002r.tif,3741,4546
CodPoetPhil6.002v.tif,3705,4547
CodPoetPhil6.003r.tif,3741,4546
CodPoetPhil6.003v.tif,3705,4547
CodPoetPhil6.004r.tif,3741,4546
CodPoetPhil6.004v.tif,3705,4547
CodPoetPhil6.005r.tif,3741,4546
CodPoetPhil6.005v.tif,3705,4547
CodPoetPhil6.006r.tif,3741,4546
CodPoetPhil6.006v.tif,3705,4547
CodPoetPhil6.007r.tif,3741,4546
CodPoetPhil6.007v.tif,3705,4547
CodPoetPhil6.008r.tif,3741,4546
CodPoetPhil6.008v.tif,3705,4547
CodPoetPhil6.009r.tif,3741,4546
CodPoetPhil6.009v.tif,3705,4547
CodPoetPhil6.010r.tif,3741,4546
CodPoetPhil6.010v.tif,3705,4547
CodPoetPhil6.011r.tif,3741,4546
CodPoetPhil6.011v.tif,3705,4547
CodPoetPhil6.012r.tif,3741,4546
CodPoetPhil6.012v.tif,3705,4547
CodPoetPhil6.013r.tif,3741,4546
CodPoetPhil6.013v.tif,3705,4547
CodPoetPhil6.014r.tif,3741,4546
CodPoetPhil6.014v.tif,3705,4547
CodPoetPhil6.015r.tif,3741,4546
CodPoetPhil6.015v.tif,3705,4547
CodPoetPhil6.016r.tif,3741,4546
CodPoetPhil6.016v.tif,3705,4547
CodPoetPhil6.017r.tif,3741,4546
CodPoetPhil6.017v.tif,3705,4547
CodPoetPhil6.018r.tif,3741,4546
CodPoetPhil6.018v.tif,3705,4547
CodPoetPhil6.019r.tif,3741,4546
CodPoetPhil6.019v.tif,3705,4547
CodPoetPhil6.020r.tif,3741,4546
CodPoetPhil6.020v.tif,3705,4547
CodPoetPhil6.021r.tif,3741,4546
CodPoetPhil6.021v.tif,3705,4547
CodPoetPhil6.022r.tif,3741,4546
CodPoetPhil6.022v.tif,3705,4547
CodPoetPhil6.023r.tif,3741,4546
CodPoetPhil6.023v.tif,3705,4547
CodPoetPhil6.024r.tif,3741,4546
CodPoetPhil6.024v.tif,3705,4547
CodPoetPhil6.025r.tif,3741,4546
CodPoetPhil6.025v.tif,3705,4547
CodPoetPhil6.026r.tif,3741,4546
CodPoetPhil6.026v.tif,3705,4547
CodPoetPhil6.027r.tif,3741,4546
CodPoetPhil6.027v.tif,3705,4547
CodPoetPhil6.028r.tif,3741,4546
CodPoetPhil6.028v.tif,3705,4547
CodPoetPhil6.029r.tif,3741,4546
CodPoetPhil6.029v.tif,3705,4547
CodPoetPhil6.030r.tif,3741,4546
CodPoetPhil6.030v.tif,3705,4547
CodPoetPhil6.031r.tif,3741,4546
CodPoetPhil6.031v.tif,3705,4547
CodPoetPhil6.032r.tif,3741,4546
CodPoetPhil6.032v.tif,3705,4547
CodPoetPhil6.033r.tif,3741,4546
CodPoetPhil6.033v.tif,3705,4547
CodPoetPhil6.034r.tif,3741,4546
CodPoetPhil6.034v.tif,3705,4547
CodPoetPhil6.035r.tif,3741,4546
CodPoetPhil6.035v.tif,3705,4547
CodPoetPhil6.036r.tif,3741,4546
CodPoetPhil6.036v.tif,3705,4547
CodPoetPhil6.037r.tif,3741,4546
CodPoetPhil6.037v.tif,3705,4547
CodPoetPhil6.038r.tif,3741,4546
CodPoetPhil6.038v.tif,3705,4547
CodPoetPhil6.039r.tif,3741,4546
CodPoetPhil6.039v.tif,3705,4547
CodPoetPhil6.040r.tif,3741,4546
CodPoetPhil6.040v.tif,3705,4547
CodPoetPhil6.041r.tif,3741,4546
CodPoetPhil6.041v.tif,3705,4547
CodPoetPhil6.042r.tif,3741,4546
CodPoetPhil6.042v.tif,3705,4547
CodPoetPhil6.043r.tif,3741,4546
CodPoetPhil6.043v.tif,3705,4547
CodPoetPhil6.044r.tif,3741,4546
CodPoetPhil6.044v.tif,3705,4547
CodPoetPhil6.045r.tif,3741,4546
CodPoetPhil6.045v.tif,3705,4547
CodPoetPhil6.046r.tif,3741,4546
CodPoetPhil6.046v.tif,3705,4547
CodPoetPhil6.047r.tif,3741,4546
CodPoetPhil6.047v.tif,3705,4547
CodPoetPhil6.048r.tif,3741,4546
CodPoetPhil6.048v.tif,3705,4547
CodPoetPhil6.049r.tif,3741,4546
CodPoetPhil6.049v.tif,3705,4547
CodPoetPhil6.050r.tif,3741,4546
CodPoetPhil6.050v.tif,3705,4547
CodPoetPhil6.051r.tif,3741,4546
CodPoetPhil6.051v.tif,3705,4547
CodPoetPhil6.052r.tif,3741,4546
CodPoetPhil6.052v.tif,3705,4547
CodPoetPhil6.053r.tif,3741,4546
CodPoetPhil6.053v.tif,3705,4547
CodPoetPhil6.054r.tif,3741,4546
CodPoetPhil6.054v.tif,3705,4547
CodPoetPhil6.055r.tif,3741,4546
CodPoetPhil6.055v.tif,3705,4547
CodPoetPhil6.056r.tif,3741,4546
CodPoetPhil6.056v.tif,3705,4547
CodPoetPhil6.057r.tif,3741,4546
CodPoetPhil6.057v.tif,3705,4547
CodPoetPhil6.058r.tif,3741,4546
CodPoetPhil6.058v.tif,3705,4547
CodPoetPhil6.059r.tif,3741,4546
CodPoetPhil6.059v.tif,3705,4547
CodPoetPhil6.060r.tif,3741,4546
CodPoetPhil6.060v.tif,3705,4547
CodPoetPhil6.061r.tif,3741,4546
CodPoetPhil6.061v.tif,3705,4547
CodPoetPhil6.062r.tif,3741,4546
CodPoetPhil6.062v.tif,3705,4547
CodPoetPhil6.063r.tif,3741,4546
CodPoetPhil6.063v.tif,3705,4547
CodPoetPhil6.064r.tif,3741,4546
CodPoetPhil6.064v.tif,3705,4547
CodPoetPhil6.065r.tif,3741,4546
CodPoetPhil6.065v.tif,3705,4547
CodPoetPhil6.066r.tif,3741,4546
CodPoetPhil6.066v.tif,3705,4547
CodPoetPhil6.067r.tif,3741,4546
CodPoetPhil6.067v.tif,3705,4547
CodPoetPhil6.068r.tif,3741,4546
CodPoetPhil6.068v.tif,3705,4547
CodPoetPhil6.069r.tif,3741,4546
CodPoetPhil6.069v.tif,3705,4546
CodPoetPhil6.070r.tif,3741,4546
CodPoetPhil6.070v.tif,3705,4546
CodPoetPhil6.071r.tif,3741,4546
CodPoetPhil6.071v.tif,3705,4546
CodPoetPhil6.072r.tif,3741,4546
CodPoetPhil6.072v.tif,3705,4546
CodPoetPhil6.073r.tif,3741,4546
CodPoetPhil6.073v.tif,3705,4546
CodPoetPhil6.074r.tif,3741,4546
CodPoetPhil6.074v.tif,3705,4546
CodPoetPhil6.075r.tif,3741,4546
CodPoetPhil6.075v.tif,3705,4546
CodPoetPhil6.076r.tif,3741,4546
CodPoetPhil6.076v.tif,3705,4546
CodPoetPhil6.077r.tif,3741,4546
CodPoetPhil6.077v.tif,3705,4546
CodPoetPhil6.078r.tif,3741,4546
CodPoetPhil6.078v.tif,3705,4546
CodPoetPhil6.079r.tif,3741,4546
CodPoetPhil6.079v.tif,3705,4546
CodPoetPhil6.080r.tif,3741,4546
CodPoetPhil6.080v.tif,3705,4546
CodPoetPhil6.081r.tif,3741,4546
CodPoetPhil6.081v.tif,3705,4547
CodPoetPhil6.082r.tif,3741,4547
CodPoetPhil6.082v.tif,3705,4547
CodPoetPhil6.083r.tif,3741,4547
CodPoetPhil6.083v.tif,3705,4547
CodPoetPhil6.084r.tif,3741,4547
CodPoetPhil6.084v.tif,3705,4547
CodPoetPhil6.085r.tif,3741,4547
CodPoetPhil6.085v.tif,3705,4547
CodPoetPhil6.086r.tif,3741,4547
CodPoetPhil6.086v.tif,3705,4547
CodPoetPhil6.087r.tif,3741,4547
CodPoetPhil6.087v.tif,3705,4547
CodPoetPhil6.088r.tif,3741,4547
CodPoetPhil6.088v.tif,3705,4547
CodPoetPhil6.089r.tif,3741,4547
CodPoetPhil6.089v.tif,3705,4547
CodPoetPhil6.090r.tif,3741,4547
CodPoetPhil6.090v.tif,3705,4547
CodPoetPhil6.091r.tif,3741,4547
CodPoetPhil6.091v.tif,3705,4547
CodPoetPhil6.092r.tif,3741,4547
CodPoetPhil6.092v.tif,3705,4547
CodPoetPhil6.093r.tif,3741,4547
CodPoetPhil6.093v.tif,3705,4547
CodPoetPhil6.094r.tif,3741,4547
CodPoetPhil6.094v.tif,3705,4547
CodPoetPhil6.095r.tif,3741,4547
CodPoetPhil6.095v.tif,3705,4547
CodPoetPhil6.096r.tif,3741,4547
CodPoetPhil6.096v.tif,3705,4547
CodPoetPhil6.097r.tif,3741,4547
CodPoetPhil6.097v.tif,3705,4547
CodPoetPhil6.098r.tif,3741,4547
CodPoetPhil6.098v.tif,3705,4547
CodPoetPhil6.099r.tif,3741,4547
CodPoetPhil6.099v.tif,3705,4547
CodPoetPhil6.100r.tif,3741,4547
CodPoetPhil6.100v.tif,3705,4547
CodPoetPhil6.101r.tif,3741,4547
CodPoetPhil6.101v.tif,3705,4547
CodPoetPhil6.102r.tif,3741,4547
CodPoetPhil6.102v.tif,3705,4547
CodPoetPhil6.103r.tif,3741,4547
CodPoetPhil6.103v.tif,3705,4547
CodPoetPhil6.104r.tif,3741,4547
CodPoetPhil6.104v.tif,3705,4547
CodPoetPhil6.105r.tif,3741,4547
CodPoetPhil6.105v.tif,3705,4547
CodPoetPhil6.106r.tif,3741,4547
CodPoetPhil6.106v.tif,3705,4547
CodPoetPhil6.107r.tif,3741,4547
CodPoetPhil6.107v.tif,3705,4547
CodPoetPhil6.108r.tif,3741,4547
CodPoetPhil6.108v.tif,3705,4547
CodPoetPhil6.109r.tif,3741,4547
CodPoetPhil6.109v.tif,3705,4547
CodPoetPhil6.110r.tif,3741,4547
CodPoetPhil6.110v.tif,3705,4546
CodPoetPhil6.111r.tif,3741,4547
CodPoetPhil6.111v.tif,3705,4546
CodPoetPhil6.112r.tif,3741,4547
CodPoetPhil6.112v.tif,3705,4546
CodPoetPhil6.113r.tif,3741,4547
CodPoetPhil6.113v.tif,3705,4546
CodPoetPhil6.114r.tif,3741,4547
CodPoetPhil6.114v.tif,3705,4546
CodPoetPhil6.115r.tif,3741,4547
CodPoetPhil6.115v.tif,3705,4546
CodPoetPhil6.116r.tif,3741,4547
CodPoetPhil6.116v.tif,3705,4546
CodPoetPhil6.117r.tif,3741,4547
CodPoetPhil6.117v.tif,3705,4546
CodPoetPhil6.118r.tif,3741,4547
CodPoetPhil6.118v.tif,3705,4546
CodPoetPhil6.119r.tif,3741,4547
CodPoetPhil6.119v.tif,3705,4546
CodPoetPhil6.120r.tif,3741,4547
CodPoetPhil6.120v.tif,3705,4546
CodPoetPhil6.121r.tif,3741,4547
CodPoetPhil6.121v.tif,3705,4546
CodPoetPhil6.122r.tif,3741,4547
CodPoetPhil6.122v.tif,3705,4546
CodPoetPhil6.123r.tif,3741,4547
CodPoetPhil6.123v.tif,3705,4546
CodPoetPhil6.124r.tif,3741,4547
CodPoetPhil6.124v.tif,3705,4546
CodPoetPhil6.125r.tif,3741,4547
CodPoetPhil6.125v.tif,3705,4546
CodPoetPhil6.126r.tif,3741,4547
CodPoetPhil6.126v.tif,3705,4546
CodPoetPhil6.127r.tif,3741,4547
CodPoetPhil6.127v.tif,3705,4546
CodPoetPhil6.128r.tif,3741,4547
CodPoetPhil6.128v.tif,3705,4546
CodPoetPhil6.129r.tif,3741,4547
CodPoetPhil6.129v.tif,3705,4546
CodPoetPhil6.130r.tif,3741,4547
CodPoetPhil6.130v.tif,3705,4546
CodPoetPhil6.131r.tif,3741,4547
CodPoetPhil6.131v.tif,3705,4546
CodPoetPhil6.132r.tif,3741,4547
CodPoetPhil6.132v.tif,3705,4546
CodPoetPhil6.133r.tif,3741,4547
CodPoetPhil6.133v.tif,3705,4546
CodPoetPhil6.134r.tif,3741,4547
CodPoetPhil6.134v.tif,3705,4546
CodPoetPhil6.135r.tif,3741,4547
CodPoetPhil6.135v.tif,3705,4546
CodPoetPhil6.136r.tif,3741,4547
CodPoetPhil6.136v.tif,3705,4546
CodPoetPhil6.137r.tif,3741,4547
CodPoetPhil6.137v.tif,3705,4546
CodPoetPhil6.138r.tif,3741,4547
CodPoetPhil6.138v.tif,3705,4547
CodPoetPhil6.139r.tif,3741,4547
CodPoetPhil6.139v.tif,3705,4547
CodPoetPhil6.140r.tif,3741,4547
CodPoetPhil6.140v.tif,3705,4547
CodPoetPhil6.141r.tif,3741,4547
CodPoetPhil6.141v.tif,3705,4547
CodPoetPhil6.142r.tif,3741,4547
CodPoetPhil6.142v.tif,3705,4547
CodPoetPhil6.143r.tif,3741,4547
CodPoetPhil6.143v.tif,3705,4547
CodPoetPhil6.144r.tif,3741,4547
CodPoetPhil6.144v.tif,3705,4547
CodPoetPhil6.145r.tif,3741,4547
CodPoetPhil6.145v.tif,3705,4547
CodPoetPhil6.146r.tif,3741,4547
CodPoetPhil6.146v.tif,3705,4547
CodPoetPhil6.147r.tif,3741,4547
CodPoetPhil6.147v.tif,3705,4547
CodPoetPhil6.148r.tif,3741,4547
CodPoetPhil6.148v.tif,3705,4547
CodPoetPhil6.149r.tif,3741,4547
CodPoetPhil6.149v.tif,3705,4547
CodPoetPhil6.150r.tif,3741,4547
CodPoetPhil6.150v.tif,3705,4547
CodPoetPhil6.151r.tif,3741,4547
CodPoetPhil6.151v.tif,3705,4547
CodPoetPhil6.152r.tif,3741,4547
CodPoetPhil6.152v.tif,3705,4547
CodPoetPhil6.153r.tif,3741,4547
CodPoetPhil6.153v.tif,3705,4547
CodPoetPhil6.154r.tif,3741,4547
CodPoetPhil6.154v.tif,3705,4547
CodPoetPhil6.155r.tif,3741,4547
CodPoetPhil6.155v.tif,3705,4547
CodPoetPhil6.156r.tif,3741,4547
CodPoetPhil6.156v.tif,3705,4547
CodPoetPhil6.157r.tif,3741,4547
CodPoetPhil6.157v.tif,3705,4547
CodPoetPhil6.158r.tif,3741,4547
CodPoetPhil6.158v.tif,3705,4547
CodPoetPhil6.159r.tif,3741,4547
CodPoetPhil6.159v.tif,3705,4547
CodPoetPhil6.160r.tif,3741,4547
CodPoetPhil6.160v.tif,3705,4547
CodPoetPhil6.161r.tif,3741,4547
CodPoetPhil6.161v.tif,3705,4547
CodPoetPhil6.162r.tif,3741,4546
CodPoetPhil6.162v.tif,3705,4547
CodPoetPhil6.163r.tif,3741,4546
CodPoetPhil6.163v.tif,3705,4547
CodPoetPhil6.164r.tif,3741,4546
CodPoetPhil6.164v.tif,3705,4547
CodPoetPhil6.165r.tif,3741,4546
CodPoetPhil6.165v.tif,3705,4547
CodPoetPhil6.166r.tif,3741,4546
CodPoetPhil6.166v.tif,3705,4547
CodPoetPhil6.167r.tif,3741,4546
CodPoetPhil6.167v.tif,3705,4547
CodPoetPhil6.168r.tif,3741,4546
CodPoetPhil6.168v.tif,3705,4547
CodPoetPhil6.169r.tif,3741,4546
CodPoetPhil6.169v.tif,3705,4547
CodPoetPhil6.170r.tif,3741,4546
CodPoetPhil6.170v.tif,3705,4547
CodPoetPhil6.171r.tif,3741,4546
CodPoetPhil6.171v.tif,3705,4547
CodPoetPhil6.172r.tif,3741,4546
CodPoetPhil6.172v.tif,3705,4547
CodPoetPhil6.173r.tif,3741,4546
CodPoetPhil6.173v.tif,3705,4547
CodPoetPhil6.174r.tif,3741,4546
CodPoetPhil6.174v.tif,3705,4547
CodPoetPhil6.175r.tif,3741,4546
CodPoetPhil6.175v.tif,3705,4547
CodPoetPhil6.176r.tif,3741,4546
CodPoetPhil6.176v.tif,3705,4547
CodPoetPhil6.177r.tif,3741,4546
CodPoetPhil6.177v.tif,3705,4547
CodPoetPhil6.178r.tif,3741,4546
CodPoetPhil6.178v.tif,3705,4547
CodPoetPhil6.179r.tif,3741,4546
CodPoetPhil6.179v.tif,3705,4547
CodPoetPhil6.180r.tif,3741,4546
CodPoetPhil6.180v.tif,3705,4547
CodPoetPhil6.181r.tif,3741,4546
CodPoetPhil6.181v.tif,3705,4547
CodPoetPhil6.182r.tif,3741,4546
CodPoetPhil6.182v.tif,3705,4547
CodPoetPhil6.183r.tif,3741,4546
CodPoetPhil6.183v.tif,3705,4547
CodPoetPhil6.184r.tif,3741,4546
CodPoetPhil6.184v.tif,3705,4547
CodPoetPhil6.185r.tif,3741,4546
CodPoetPhil6.185v.tif,3705,4547
CodPoetPhil6.186r.tif,3741,4546
CodPoetPhil6.186v.tif,3705,4547
CodPoetPhil6.187r.tif,3741,4546
CodPoetPhil6.187v.tif,3705,4547
CodPoetPhil6.188r.tif,3741,4546
CodPoetPhil6.188v.tif,3705,4547
CodPoetPhil6.189r.tif,3741,4546
CodPoetPhil6.189v.tif,3705,4547
CodPoetPhil6.190r.tif,3741,4546
CodPoetPhil6.190v.tif,3705,4547
CodPoetPhil6.191r.tif,3741,4546
CodPoetPhil6.191v.tif,3705,4547
CodPoetPhil6.192r.tif,3741,4546
CodPoetPhil6.192v.tif,3705,4547
CodPoetPhil6.193r.tif,3741,4546
CodPoetPhil6.193v.tif,3705,4547
CodPoetPhil6.194r.tif,3741,4546
CodPoetPhil6.194v.tif,3705,4547
CodPoetPhil6.195r.tif,3741,4546
CodPoetPhil6.195v.tif,3705,4547
CodPoetPhil6.196r.tif,3741,4546
CodPoetPhil6.196v.tif,3705,4547
CodPoetPhil6.endmatter.flyleaf.01r.tif,3741,4546
CodPoetPhil6.endmatter.flyleaf.01v.tif,3705,4547
CodPoetPhil6.endmatter.flyleaf.02r.tif,3741,4546
CodPoetPhil6.endmatter.flyleaf.02v.tif,3705,4547
CodPoetPhil6.endmatter.flyleaf.03r.tif,3741,4546
CodPoetPhil6.endmatter.flyleaf.03v.tif,3705,4547
CodPoetPhil6.endmatter.pastedown.tif,3741,4547
CodPoetPhil6.binding.backcover.tif,3705,4547
