MontpellierH246.binding.frontcover.tif,2587,3504
MontpellierH246.frontmatter.pastedown.tif,2552,3469
MontpellierH246.frontmatter.flyleaf.01r.tif,2457,3364
MontpellierH246.frontmatter.flyleaf.01v.tif,2426,3350
MontpellierH246.frontmatter.flyleaf.02r.tif,2433,3371
MontpellierH246.frontmatter.flyleaf.02v.tif,2447,3357
MontpellierH246.frontmatter.flyleaf.03r.tif,2427,3378
MontpellierH246.frontmatter.flyleaf.03v.tif,2426,3371
MontpellierH246.frontmatter.flyleaf.04r.tif,2419,3364
MontpellierH246.frontmatter.flyleaf.04v.tif,2412,3343
MontpellierH246.001r.tif,2419,3329
MontpellierH246.001v.tif,2356,3347
MontpellierH246.002r.tif,2405,3329
MontpellierH246.002v.tif,2377,3343
MontpellierH246.003r.tif,2427,3330
MontpellierH246.003v.tif,2384,3343
MontpellierH246.004r.tif,2426,3343
MontpellierH246.004v.tif,2422,3357
MontpellierH246.005r.tif,2394,3343
MontpellierH246.005v.tif,2405,3351
MontpellierH246.006r.tif,2398,3350
MontpellierH246.006v.tif,2391,3361
MontpellierH246.007r.tif,2412,3339
MontpellierH246.007v.tif,2412,3350
MontpellierH246.008r.tif,2377,3354
MontpellierH246.008v.tif,2342,3357
MontpellierH246.009r.tif,2356,3357
MontpellierH246.009v.tif,2322,3350
MontpellierH246.010r.tif,2370,3326
MontpellierH246.010v.tif,2328,3336
MontpellierH246.011r.tif,2377,3343
MontpellierH246.011v.tif,2321,3371
MontpellierH246.012r.tif,2345,3350
MontpellierH246.012v.tif,2321,3350
MontpellierH246.013r.tif,2399,3347
MontpellierH246.013v.tif,2307,3357
MontpellierH246.014r.tif,2363,3371
MontpellierH246.014v.tif,2321,3364
MontpellierH246.015r.tif,2384,3329
MontpellierH246.015v.tif,2328,3357
MontpellierH246.016r.tif,2363,3350
MontpellierH246.016v.tif,2360,3351
MontpellierH246.017r.tif,2363,3350
MontpellierH246.017v.tif,2350,3371
MontpellierH246.018r.tif,2370,3343
MontpellierH246.018v.tif,2363,3350
MontpellierH246.019r.tif,2363,3346
MontpellierH246.019v.tif,2342,3357
MontpellierH246.020r.tif,2394,3336
MontpellierH246.020v.tif,2377,3357
MontpellierH246.021r.tif,2377,3350
MontpellierH246.021v.tif,2370,3357
MontpellierH246.022r.tif,2373,3364
MontpellierH246.022v.tif,2363,3364
MontpellierH246.023r.tif,2394,3371
MontpellierH246.023v.tif,2356,3357
MontpellierH246.024r.tif,2349,3357
MontpellierH246.024v.tif,2363,3343
MontpellierH246.025r.tif,2349,3357
MontpellierH246.025v.tif,2363,3357
MontpellierH246.026r.tif,2384,3357
MontpellierH246.026v.tif,2374,3364
MontpellierH246.027r.tif,2356,3343
MontpellierH246.027v.tif,2367,3350
MontpellierH246.028r.tif,2364,3372
MontpellierH246.028v.tif,2356,3364
MontpellierH246.029r.tif,2363,3382
MontpellierH246.029v.tif,2346,3371
MontpellierH246.030r.tif,2349,3336
MontpellierH246.030v.tif,2356,3378
MontpellierH246.031r.tif,2370,3329
MontpellierH246.031v.tif,2370,3343
MontpellierH246.032r.tif,2352,3343
MontpellierH246.032v.tif,2349,3350
MontpellierH246.033r.tif,2370,3358
MontpellierH246.033v.tif,2342,3385
MontpellierH246.034r.tif,2370,3340
MontpellierH246.034v.tif,2342,3357
MontpellierH246.035r.tif,2363,3353
MontpellierH246.035v.tif,2328,3371
MontpellierH246.036r.tif,2367,3364
MontpellierH246.036v.tif,2335,3378
MontpellierH246.037r.tif,2363,3371
MontpellierH246.037v.tif,2349,3371
MontpellierH246.038r.tif,2366,3358
MontpellierH246.038v.tif,2349,3371
MontpellierH246.039r.tif,2349,3364
MontpellierH246.039v.tif,2342,3357
MontpellierH246.040r.tif,2342,3350
MontpellierH246.040v.tif,2328,3371
MontpellierH246.041r.tif,2349,3351
MontpellierH246.041v.tif,2328,3378
MontpellierH246.042r.tif,2356,3346
MontpellierH246.042v.tif,2349,3354
MontpellierH246.043r.tif,2349,3364
MontpellierH246.043v.tif,2342,3357
MontpellierH246.044r.tif,2349,3351
MontpellierH246.044v.tif,2335,3357
MontpellierH246.045r.tif,2342,3357
MontpellierH246.045v.tif,2336,3358
MontpellierH246.046r.tif,2356,3378
MontpellierH246.046v.tif,2343,3379
MontpellierH246.047r.tif,2349,3336
MontpellierH246.047v.tif,2318,3358
MontpellierH246.048r.tif,2356,3371
MontpellierH246.048v.tif,2307,3364
MontpellierH246.049r.tif,2349,3357
MontpellierH246.049v.tif,2336,3372
MontpellierH246.050r.tif,2370,3357
MontpellierH246.050v.tif,2349,3378
MontpellierH246.051r.tif,2370,3371
MontpellierH246.051v.tif,2335,3365
MontpellierH246.052r.tif,2370,3357
MontpellierH246.052v.tif,2335,3364
MontpellierH246.053r.tif,2349,3350
MontpellierH246.053v.tif,2356,3371
MontpellierH246.054r.tif,2366,3343
MontpellierH246.054v.tif,2343,3371
MontpellierH246.055r.tif,2363,3357
MontpellierH246.055v.tif,2321,3365
MontpellierH246.056r.tif,2328,3371
MontpellierH246.056v.tif,2314,3379
MontpellierH246.057r.tif,2338,3364
MontpellierH246.057v.tif,2321,3386
MontpellierH246.058r.tif,2356,3350
MontpellierH246.058v.tif,2342,3385
MontpellierH246.059r.tif,2356,3336
MontpellierH246.059v.tif,2349,3346
MontpellierH246.060r.tif,2356,3336
MontpellierH246.060v.tif,2335,3357
MontpellierH246.061r.tif,2363,3343
MontpellierH246.061v.tif,2336,3365
MontpellierH246.062r.tif,2377,3364
MontpellierH246.062v.tif,2349,3378
MontpellierH246.063r.tif,2377,3350
MontpellierH246.063v.tif,2321,3364
MontpellierH246.064r.tif,2381,3385
MontpellierH246.064v.tif,2335,3385
MontpellierH246.065r.tif,2370,3364
MontpellierH246.065v.tif,2343,3400
MontpellierH246.066r.tif,2370,3357
MontpellierH246.066v.tif,2321,3365
MontpellierH246.067r.tif,2335,3357
MontpellierH246.067v.tif,2314,3378
MontpellierH246.068r.tif,2370,3371
MontpellierH246.068v.tif,2329,3389
MontpellierH246.069r.tif,2349,3350
MontpellierH246.069v.tif,2328,3378
MontpellierH246.070r.tif,2356,3378
MontpellierH246.070v.tif,2328,3378
MontpellierH246.071r.tif,2359,3365
MontpellierH246.071v.tif,2342,3365
MontpellierH246.072r.tif,2335,3371
MontpellierH246.072v.tif,2349,3378
MontpellierH246.073r.tif,2342,3385
MontpellierH246.073v.tif,2321,3371
MontpellierH246.074r.tif,2332,3357
MontpellierH246.074v.tif,2343,3379
MontpellierH246.075r.tif,2328,3378
MontpellierH246.075v.tif,2335,3371
MontpellierH246.076r.tif,2342,3378
MontpellierH246.076v.tif,2349,3350
MontpellierH246.077r.tif,2328,3357
MontpellierH246.077v.tif,2342,3372
MontpellierH246.078r.tif,2324,3371
MontpellierH246.078v.tif,2328,3382
MontpellierH246.079r.tif,2356,3350
MontpellierH246.079v.tif,2335,3364
MontpellierH246.080r.tif,2335,3371
MontpellierH246.080v.tif,2328,3371
MontpellierH246.081r.tif,2328,3378
MontpellierH246.081v.tif,2325,3386
MontpellierH246.082r.tif,2356,3385
MontpellierH246.082v.tif,2342,3378
MontpellierH246.083r.tif,2342,3368
MontpellierH246.083v.tif,2321,3389
MontpellierH246.084r.tif,2349,3374
MontpellierH246.084v.tif,2322,3372
MontpellierH246.085r.tif,2335,3364
MontpellierH246.085v.tif,2321,3350
MontpellierH246.086r.tif,2342,3350
MontpellierH246.086v.tif,2314,3371
MontpellierH246.087r.tif,2349,3361
MontpellierH246.087v.tif,2328,3357
MontpellierH246.088r.tif,2370,3368
MontpellierH246.088v.tif,2364,3393
MontpellierH246.089r.tif,2356,3361
MontpellierH246.089v.tif,2307,3385
MontpellierH246.090r.tif,2342,3357
MontpellierH246.090v.tif,2335,3364
MontpellierH246.091r.tif,2363,3378
MontpellierH246.091v.tif,2328,3386
MontpellierH246.092r.tif,2343,3357
MontpellierH246.092v.tif,2329,3358
MontpellierH246.093r.tif,2363,3350
MontpellierH246.093v.tif,2336,3365
MontpellierH246.094r.tif,2328,3385
MontpellierH246.094v.tif,2336,3386
MontpellierH246.095r.tif,2328,3357
MontpellierH246.095v.tif,2336,3378
MontpellierH246.096r.tif,2335,3367
MontpellierH246.096v.tif,2350,3372
MontpellierH246.097r.tif,2335,3379
MontpellierH246.097v.tif,2322,3358
MontpellierH246.098r.tif,2359,3357
MontpellierH246.098v.tif,2335,3379
MontpellierH246.099r.tif,2335,3350
MontpellierH246.099v.tif,2335,3378
MontpellierH246.100r.tif,2349,3361
MontpellierH246.100v.tif,2335,3372
MontpellierH246.101r.tif,2336,3312
MontpellierH246.101v.tif,2357,3347
MontpellierH246.102r.tif,2356,3340
MontpellierH246.102v.tif,2360,3351
MontpellierH246.103r.tif,2349,3371
MontpellierH246.103v.tif,2342,3379
MontpellierH246.104r.tif,2352,3378
MontpellierH246.104v.tif,2329,3386
MontpellierH246.105r.tif,2321,3385
MontpellierH246.105v.tif,2335,3378
MontpellierH246.106r.tif,2328,3385
MontpellierH246.106v.tif,2349,3378
MontpellierH246.107r.tif,2328,3371
MontpellierH246.107v.tif,2343,3399
MontpellierH246.108r.tif,2349,3358
MontpellierH246.108v.tif,2342,3358
MontpellierH246.109r.tif,2364,3371
MontpellierH246.109v.tif,2349,3322
MontpellierH246.110r.tif,2342,3378
MontpellierH246.110v.tif,2336,3378
MontpellierH246.111r.tif,2343,3372
MontpellierH246.111v.tif,2287,3379
MontpellierH246.112r.tif,2335,3392
MontpellierH246.112v.tif,2304,3385
MontpellierH246.113r.tif,2342,3385
MontpellierH246.113v.tif,2308,3365
MontpellierH246.114r.tif,2349,3374
MontpellierH246.114v.tif,2325,3372
MontpellierH246.115r.tif,2342,3372
MontpellierH246.115v.tif,2308,3386
MontpellierH246.116r.tif,2377,3374
MontpellierH246.116v.tif,2300,3371
MontpellierH246.117r.tif,2356,3343
MontpellierH246.117v.tif,2314,3350
MontpellierH246.118r.tif,2342,3378
MontpellierH246.118v.tif,2329,3392
MontpellierH246.119r.tif,2328,3378
MontpellierH246.119v.tif,2317,3386
MontpellierH246.120r.tif,2357,3365
MontpellierH246.120v.tif,2314,3350
MontpellierH246.121r.tif,2315,3365
MontpellierH246.121v.tif,2314,3350
MontpellierH246.122r.tif,2343,3357
MontpellierH246.122v.tif,2350,3372
MontpellierH246.123r.tif,2342,3375
MontpellierH246.123v.tif,2321,3379
MontpellierH246.124r.tif,2349,3385
MontpellierH246.124v.tif,2307,3393
MontpellierH246.125r.tif,2374,3358
MontpellierH246.125v.tif,2315,3385
MontpellierH246.126r.tif,2349,3379
MontpellierH246.126v.tif,2336,3386
MontpellierH246.127r.tif,2363,3385
MontpellierH246.127v.tif,2365,3373
MontpellierH246.128r.tif,2356,3364
MontpellierH246.128v.tif,2344,3387
MontpellierH246.129r.tif,2335,3364
MontpellierH246.129v.tif,2336,3379
MontpellierH246.130r.tif,2356,3357
MontpellierH246.130v.tif,2343,3377
MontpellierH246.131r.tif,2356,3371
MontpellierH246.131v.tif,2343,3386
MontpellierH246.132r.tif,2356,3354
MontpellierH246.132v.tif,2349,3365
MontpellierH246.133r.tif,2370,3354
MontpellierH246.133v.tif,2349,3393
MontpellierH246.134r.tif,2364,3358
MontpellierH246.134v.tif,2349,3358
MontpellierH246.135r.tif,2363,3350
MontpellierH246.135v.tif,2342,3386
MontpellierH246.136r.tif,2349,3371
MontpellierH246.136v.tif,2350,3386
MontpellierH246.137r.tif,2342,3382
MontpellierH246.137v.tif,2353,3379
MontpellierH246.138r.tif,2356,3364
MontpellierH246.138v.tif,2378,3365
MontpellierH246.139r.tif,2377,3371
MontpellierH246.139v.tif,2357,3386
MontpellierH246.140r.tif,2377,3364
MontpellierH246.140v.tif,2364,3382
MontpellierH246.141r.tif,2370,3357
MontpellierH246.141v.tif,2374,3372
MontpellierH246.142r.tif,2356,3371
MontpellierH246.142v.tif,2378,3379
MontpellierH246.143r.tif,2363,3385
MontpellierH246.143v.tif,2364,3372
MontpellierH246.144r.tif,2349,3378
MontpellierH246.144v.tif,2370,3372
MontpellierH246.145r.tif,2374,3385
MontpellierH246.145v.tif,2409,3379
MontpellierH246.146r.tif,2374,3378
MontpellierH246.146v.tif,2384,3371
MontpellierH246.147r.tif,2370,3357
MontpellierH246.147v.tif,2353,3365
MontpellierH246.148r.tif,2387,3343
MontpellierH246.148v.tif,2342,3343
MontpellierH246.149r.tif,2346,3350
MontpellierH246.149v.tif,2364,3357
MontpellierH246.150r.tif,2363,3365
MontpellierH246.150v.tif,2342,3343
MontpellierH246.151r.tif,2342,3378
MontpellierH246.151v.tif,2349,3382
MontpellierH246.152r.tif,2367,3385
MontpellierH246.152v.tif,2363,3357
MontpellierH246.153r.tif,2282,3350
MontpellierH246.153v.tif,2230,3371
MontpellierH246.154r.tif,2364,3368
MontpellierH246.154v.tif,2350,3336
MontpellierH246.155r.tif,2357,3305
MontpellierH246.155v.tif,2335,3330
MontpellierH246.endmatter.pastedown.tif,2496,3518
MontpellierH246.binding.backcover.tif,2584,3525
MontpellierH246.binding.spine.tif,641,3399
MontpellierH246.insert.01r.tif,2328,3357
MontpellierH246.insert.01v.tif,2343,3400
MontpellierH246.misc.colorbar.tif,2538,3479
